Workbook

Sheet Executive Dashboard
A1: DOCUMENT CONTROL & CORRESPONDENCE COMMAND CENTER
A3: Executive Document Control | Correspondence • Aging • Actions • Approvals • Portfolio Demonstration
A5: TOTAL CORRESPONDENCE | D5: ACTIVE ITEMS | G5: OVERDUE >14 DAYS | J5: CLOSED | M5: DOCUMENTS
A6: =COUNTA('Correspondence Register'!A2:A61) -> 60 | D6: =COUNTIF('Correspondence Register'!L2:L61,"Open")+COUNTIF('Correspondence Register'!L2:L61,"Under Review")+COUNTIF('Correspondence Register'!L2:L61,"Action Required") -> 40 | G6: =COUNTIFS('Correspondence Register'!K2:K61,">14",'Correspondence Register'!L2:L61,"<>Closed") -> 32 | J6: =COUNTIF('Correspondence Register'!L2:L61,"Closed") -> 20 | M6: =COUNTA('Document Register'!A2:A41) -> 40
A9: 1. CORRESPONDENCE STATUS & PRIORITY | G9: 2. ACTIVE EXPOSURE BY DEPARTMENT
A10: STATUS | B10: COUNT | D10: PRIORITY | E10: COUNT | G10: DEPARTMENT | H10: ACTIVE
A11: Open | B11: =COUNTIF('Correspondence Register'!L2:L61,A11) -> 17 | D11: Critical | E11: =COUNTIF('Correspondence Register'!I2:I61,D11) -> 5 | G11: Management | H11: =COUNTIFS('Correspondence Register'!G2:G61,G11,'Correspondence Register'!L2:L61,"<>Closed") -> 5
A12: Under Review | B12: =COUNTIF('Correspondence Register'!L2:L61,A12) -> 14 | D12: High | E12: =COUNTIF('Correspondence Register'!I2:I61,D12) -> 16 | G12: Engineering | H12: =COUNTIFS('Correspondence Register'!G2:G61,G12,'Correspondence Register'!L2:L61,"<>Closed") -> 5
A13: Action Required | B13: =COUNTIF('Correspondence Register'!L2:L61,A13) -> 9 | D13: Medium | E13: =COUNTIF('Correspondence Register'!I2:I61,D13) -> 23 | G13: Contracts | H13: =COUNTIFS('Correspondence Register'!G2:G61,G13,'Correspondence Register'!L2:L61,"<>Closed") -> 6
A14: Closed | B14: =COUNTIF('Correspondence Register'!L2:L61,A14) -> 20 | D14: Low | E14: =COUNTIF('Correspondence Register'!I2:I61,D14) -> 16 | G14: Procurement | H14: =COUNTIFS('Correspondence Register'!G2:G61,G14,'Correspondence Register'!L2:L61,"<>Closed") -> 4
G15: Construction | H15: =COUNTIFS('Correspondence Register'!G2:G61,G15,'Correspondence Register'!L2:L61,"<>Closed") -> 2
G16: Document Control | H16: =COUNTIFS('Correspondence Register'!G2:G61,G16,'Correspondence Register'!L2:L61,"<>Closed") -> 10
G17: Finance | H17: =COUNTIFS('Correspondence Register'!G2:G61,G17,'Correspondence Register'!L2:L61,"<>Closed") -> 3
G18: HSE | H18: =COUNTIFS('Correspondence Register'!G2:G61,G18,'Correspondence Register'!L2:L61,"<>Closed") -> 5
A25: 3. MANAGEMENT CONTROL NOTES
A26: • Prioritize overdue and critical correspondence during management follow-up.
A27: • Correspondence Register is the operational source; dashboard KPIs update automatically.
A28: • Days Open and Aging Band recalculate dynamically using TODAY().
A29: • Document Register provides revision, approval-status and next-action visibility.
A30: • Hyperlink fields demonstrate direct document access; sample links/data are fictional for portfolio use.

Sheet Correspondence Register
A1: Ref No. | B1: Direction | C1: Date | D1: Type | E1: Subject | F1: From / To | G1: Department | H1: Responsible | I1: Priority | J1: Response Due | K1: Days Open | L1: Status | M1: Aging Band | N1: Document Link | O1: Remarks
A2: COR-2026-0001 | B2: Incoming | C2: 46213 | D2: Letter | E2: Procurement technical clarification | F2: External Stakeholder | G2: HSE | H2: HSE Lead | I2: High | J2: 46220 | K2: =IF(L2="Closed",0,MAX(0,TODAY()-C2)) -> 17 | L2: Open | M2: =IF(L2="Closed","Closed",IF(K2>30,"31+ Days",IF(K2>14,"15-30 Days",IF(K2>7,"8-14 Days","0-7 Days")))) -> 15-30 Days | N2: documents/COR-2026-0001.pdf | O2: Synthetic portfolio sample
A3: COR-2026-0002 | B3: Outgoing | C3: 46186 | D3: Memo | E3: Material approval package | F3: Project Team | G3: Management | H3: Project Controls | I3: High | J3: 46191 | K3: =IF(L3="Closed",0,MAX(0,TODAY()-C3)) -> 44 | L3: Open | M3: =IF(L3="Closed","Closed",IF(K3>30,"31+ Days",IF(K3>14,"15-30 Days",IF(K3>7,"8-14 Days","0-7 Days")))) -> 31+ Days | N3: documents/COR-2026-0002.pdf | O3: Synthetic portfolio sample
A4: COR-2026-0003 | B4: Incoming | C4: 46160 | D4: Letter | E4: Management instruction and action follow-up | F4: External Stakeholder | G4: Management | H4: Project Controls | I4: Medium | J4: 46174 | K4: =IF(L4="Closed",0,MAX(0,TODAY()-C4)) -> 0 | L4: Closed | M4: =IF(L4="Closed","Closed",IF(K4>30,"31+ Days",IF(K4>14,"15-30 Days",IF(K4>7,"8-14 Days","0-7 Days")))) -> Closed | N4: documents/COR-2026-0003.pdf | O4: Synthetic portfolio sample
A5: COR-2026-0004 | B5: Outgoing | C5: 46197 | D5: Memo | E5: Method statement review | F5: Project Team | G5: Contracts | H5: Contracts Team | I5: Low | J5: 46207 | K5: =IF(L5="Closed",0,MAX(0,TODAY()-C5)) -> 33 | L5: Under Review | M5: =IF(L5="Closed","Closed",IF(K5>30,"31+ Days",IF(K5>14,"15-30 Days",IF(K5>7,"8-14 Days","0-7 Days")))) -> 31+ Days | N5: documents/COR-2026-0004.pdf | O5: Synthetic portfolio sample
A6: COR-2026-0005 | B6: Incoming | C6: 46158 | D6: Submittal | E6: Technical drawing transmittal | F6: External Stakeholder | G6: Document Control | H6: Document Controller | I6: High | J6: 46163 | K6: =IF(L6="Closed",0,MAX(0,TODAY()-C6)) -> 72 | L6: Action Required | M6: =IF(L6="Closed","Closed",IF(K6>30,"31+ Days",IF(K6>14,"15-30 Days",IF(K6>7,"8-14 Days","0-7 Days")))) -> 31+ Days | N6: documents/COR-2026-0005.pdf | O6: Synthetic portfolio sample
A7: COR-2026-0006 | B7: Outgoing | C7: 46165 | D7: Transmittal | E7: Site access coordination | F7: Project Team | G7: Construction | H7: Construction Manager | I7: Medium | J7: 46172 | K7: =IF(L7="Closed",0,MAX(0,TODAY()-C7)) -> 65 | L7: Under Review | M7: =IF(L7="Closed","Closed",IF(K7>30,"31+ Days",IF(K7>14,"15-30 Days",IF(K7>7,"8-14 Days","0-7 Days")))) -> 31+ Days | N7: documents/COR-2026-0006.pdf | O7: Synthetic portfolio sample
A8: COR-2026-0007 | B8: Incoming | C8: 46224 | D8: RFI | E8: Method statement review | F8: External Stakeholder | G8: Management | H8: Project Controls | I8: Medium | J8: 46234 | K8: =IF(L8="Closed",0,MAX(0,TODAY()-C8)) -> 6 | L8: Action Required | M8: =IF(L8="Closed","Closed",IF(K8>30,"31+ Days",IF(K8>14,"15-30 Days",IF(K8>7,"8-14 Days","0-7 Days")))) -> 0-7 Days | N8: documents/COR-2026-0007.pdf | O8: Synthetic portfolio sample
A9: COR-2026-0008 | B9: Outgoing | C9: 46194 | D9: Transmittal | E9: Technical drawing transmittal | F9: Project Team | G9: Finance | H9: Finance Team | I9: Medium | J9: 46215 | K9: =IF(L9="Closed",0,MAX(0,TODAY()-C9)) -> 0 | L9: Closed | M9: =IF(L9="Closed","Closed",IF(K9>30,"31+ Days",IF(K9>14,"15-30 Days",IF(K9>7,"8-14 Days","0-7 Days")))) -> Closed | N9: documents/COR-2026-0008.pdf | O9: Synthetic portfolio sample
A10: COR-2026-0009 | B10: Incoming | C10: 46158 | D10: Memo | E10: Method statement review | F10: External Stakeholder | G10: Management | H10: Project Controls | I10: High | J10: 46168 | K10: =IF(L10="Closed",0,MAX(0,TODAY()-C10)) -> 72 | L10: Under Review | M10: =IF(L10="Closed","Closed",IF(K10>30,"31+ Days",IF(K10>14,"15-30 Days",IF(K10>7,"8-14 Days","0-7 Days")))) -> 31+ Days | N10: documents/COR-2026-0009.pdf | O10: Synthetic portfolio sample
A11: COR-2026-0010 | B11: Outgoing | C11: 46161 | D11: Submittal | E11: Payment documentation follow-up | F11: Project Team | G11: Finance | H11: Finance Team | I11: Critical | J11: 46182 | K11: =IF(L11="Closed",0,MAX(0,TODAY()-C11)) -> 69 | L11: Under Review | M11: =IF(L11="Closed","Closed",IF(K11>30,"31+ Days",IF(K11>14,"15-30 Days",IF(K11>7,"8-14 Days","0-7 Days")))) -> 31+ Days | N11: documents/COR-2026-0010.pdf | O11: Synthetic portfolio sample
A12: COR-2026-0011 | B12: Incoming | C12: 46218 | D12: Transmittal | E12: Method statement review | F12: External Stakeholder | G12: Management | H12: Project Controls | I12: Low | J12: 46232 | K12: =IF(L12="Closed",0,MAX(0,TODAY()-C12)) -> 0 | L12: Closed | M12: =IF(L12="Closed","Closed",IF(K12>30,"31+ Days",IF(K12>14,"15-30 Days",IF(K12>7,"8-14 Days","0-7 Days")))) -> Closed | N12: documents/COR-2026-0011.pdf | O12: Synthetic portfolio sample
A13: COR-2026-0012 | B13: Outgoing | C13: 46200 | D13: Transmittal | E13: Design clarification and response required | F13: Project Team | G13: HSE | H13: HSE Lead | I13: Low | J13: 46214 | K13: =IF(L13="Closed",0,MAX(0,TODAY()-C13)) -> 30 | L13: Open | M13: =IF(L13="Closed","Closed",IF(K13>30,"31+ Days",IF(K13>14,"15-30 Days",IF(K13>7,"8-14 Days","0-7 Days")))) -> 15-30 Days | N13: documents/COR-2026-0012.pdf | O13: Synthetic portfolio sample
... A61: COR-2026-0060 | B61: Outgoing | C61: 46157 | D61: Letter | E61: Management instruction and action follow-up | F61: Project Team | G61: Contracts | H61: Contracts Team | I61: Medium | J61: 46167 | K61: =IF(L61="Closed",0,MAX(0,TODAY()-C61)) -> 73 | L61: Open | M61: =IF(L61="Closed","Closed",IF(K61>30,"31+ Days",IF(K61>14,"15-30 Days",IF(K61>7,"8-14 Days","0-7 Days")))) -> 31+ Days | N61: documents/COR-2026-0060.pdf | O61: Synthetic portfolio sample

Sheet Document Register
A1: Document No. | B1: Title | C1: Discipline | D1: Revision | E1: Document Type | F1: Submitted Date | G1: Current Status | H1: Responsible | I1: Next Action Due | J1: Days to Due | K1: Hyperlink
A2: DOC-0001 | B2: Commercial submission for review | C2: Civil | D2: B | E2: Procedure | F2: 46223 | G2: For Information | H2: Document Controller | I2: 46237 | J2: =I2-TODAY() -> 7 | K2: documents/DOC-0001.pdf
A3: DOC-0002 | B3: Procurement technical clarification | C3: Civil | D3: 01 | E3: Report | F3: 46170 | G3: Approved | H3: Project Controls | I3: 46191 | J3: =I3-TODAY() -> -39 | K3: documents/DOC-0002.pdf
A4: DOC-0003 | B4: Management instruction and action follow-up | C4: Commercial | D4: 02 | E4: Method Statement | F4: 46194 | G4: Approved | H4: Finance Team | I4: 46208 | J4: =I4-TODAY() -> -22 | K4: documents/DOC-0003.pdf
A5: DOC-0004 | B5: Design clarification and response required | C5: HSE | D5: 02 | E5: Procedure | F5: 46198 | G5: For Review | H5: Contracts Team | I5: 46205 | J5: =I5-TODAY() -> -25 | K5: documents/DOC-0004.pdf
A6: DOC-0005 | B6: Variation supporting documents | C6: HSE | D6: A | E6: Report | F6: 46202 | G6: For Review | H6: Document Controller | I6: 46209 | J6: =I6-TODAY() -> -21 | K6: documents/DOC-0005.pdf
A7: DOC-0006 | B7: Variation supporting documents | C7: Architecture | D7: 01 | E7: Technical Submittal | F7: 46191 | G7: For Review | H7: Contracts Team | I7: 46198 | J7: =I7-TODAY() -> -32 | K7: documents/DOC-0006.pdf
A8: DOC-0007 | B8: Document revision submission | C8: Civil | D8: 00 | E8: Report | F8: 46171 | G8: Revise & Resubmit | H8: Document Controller | I8: 46185 | J8: =I8-TODAY() -> -45 | K8: documents/DOC-0007.pdf
A9: DOC-0008 | B9: Variation supporting documents | C9: Structural | D9: 01 | E9: Drawing | F9: 46205 | G9: For Review | H9: Engineering Lead | I9: 46215 | J9: =I9-TODAY() -> -15 | K9: documents/DOC-0008.pdf
A10: DOC-0009 | B10: Site access coordination | C10: HSE | D10: A | E10: Technical Submittal | F10: 46218 | G10: Approved | H10: Document Controller | I10: 46232 | J10: =I10-TODAY() -> 2 | K10: documents/DOC-0009.pdf
A11: DOC-0010 | B11: Payment documentation follow-up | C11: MEP | D11: 00 | E11: Procedure | F11: 46184 | G11: For Information | H11: Procurement Lead | I11: 46198 | J11: =I11-TODAY() -> -32 | K11: documents/DOC-0010.pdf
A12: DOC-0011 | B12: Site access coordination | C12: Architecture | D12: 01 | E12: Drawing | F12: 46221 | G12: Approved | H12: Document Controller | I12: 46231 | J12: =I12-TODAY() -> 1 | K12: documents/DOC-0011.pdf
A13: DOC-0012 | B13: Variation supporting documents | C13: Commercial | D13: B | E13: Procedure | F13: 46183 | G13: For Information | H13: Procurement Lead | I13: 46190 | J13: =I13-TODAY() -> -40 | K13: documents/DOC-0012.pdf
... A41: DOC-0040 | B41: Payment documentation follow-up | C41: Structural | D41: 00 | E41: Drawing | F41: 46175 | G41: For Review | H41: Procurement Lead | I41: 46196 | J41: =I41-TODAY() -> -34 | K41: documents/DOC-0040.pdf

Sheet Lists
A1: Direction | B1: Type | C1: Status | D1: Priority | E1: Department
A2: Incoming | B2: Letter | C2: Open | D2: Critical | E2: Management
A3: Outgoing | B3: Transmittal | C3: Under Review | D3: High | E3: Engineering
B4: RFI | C4: Action Required | D4: Medium | E4: Contracts
B5: Submittal | C5: Closed | D5: Low | E5: Procurement
B6: Memo | E6: Construction
E7: Document Control
E8: Finance
E9: HSE
