Workbook

Sheet Executive Dashboard
B2: MANAGEMENT ACTION TRACKER — EXECUTIVE KPI DASHBOARD
B4: Executive Action Control | Priority • Aging • Department Follow-up | Portfolio Demonstration
B6: TOTAL ACTIONS | D6: OPEN ACTIONS | F6: OVERDUE ACTIONS | H6: HIGH PRIORITY | J6: AVG COMPLETION
B7: =COUNTA('Action Tracker'!A2:A1000) -> 12 | D7: =COUNTIF('Action Tracker'!F2:F1000,"Pending")+COUNTIF('Action Tracker'!F2:F1000,"In Progress")+COUNTIF('Action Tracker'!F2:F1000,"Overdue") -> 9 | F7: =COUNTIF('Action Tracker'!F2:F1000,"Overdue") -> 2 | H7: =COUNTIF('Action Tracker'!E2:E1000,"High") -> 5 | J7: =AVERAGE('Action Tracker'!K2:K1000) -> 0.68333333
B11: 1. ACTION STATUS OVERVIEW
B12: Status | C12: Actions
B13: Pending | C13: =COUNTIF('Action Tracker'!F2:F1000,"Pending") -> 2
B14: In Progress | C14: =COUNTIF('Action Tracker'!F2:F1000,"In Progress") -> 5
B15: Completed | C15: =COUNTIF('Action Tracker'!F2:F1000,"Completed") -> 3
B16: Overdue | C16: =COUNTIF('Action Tracker'!F2:F1000,"Overdue") -> 2
B19: Priority | C19: Actions
B20: High | C20: =COUNTIF('Action Tracker'!E2:E1000,"High") -> 5
B21: Medium | C21: =COUNTIF('Action Tracker'!E2:E1000,"Medium") -> 5
B22: Low | C22: =COUNTIF('Action Tracker'!E2:E1000,"Low") -> 2
B27: 2. DEPARTMENT FOLLOW-UP & OPEN ACTION EXPOSURE
B28: Department | C28: Total | D28: Open | E28: Overdue
B29: Finance | C29: =COUNTIF('Action Tracker'!C2:C1000,B29) -> 2 | D29: =COUNTIFS('Action Tracker'!C2:C1000,B29,'Action Tracker'!F2:F1000,"<>Completed") -> 2 | E29: =COUNTIFS('Action Tracker'!C2:C1000,B29,'Action Tracker'!F2:F1000,"Overdue") -> 1
B30: HR / Admin | C30: =COUNTIF('Action Tracker'!C2:C1000,B30) -> 2 | D30: =COUNTIFS('Action Tracker'!C2:C1000,B30,'Action Tracker'!F2:F1000,"<>Completed") -> 2 | E30: =COUNTIFS('Action Tracker'!C2:C1000,B30,'Action Tracker'!F2:F1000,"Overdue") -> 0
B31: Logistics | C31: =COUNTIF('Action Tracker'!C2:C1000,B31) -> 2 | D31: =COUNTIFS('Action Tracker'!C2:C1000,B31,'Action Tracker'!F2:F1000,"<>Completed") -> 1 | E31: =COUNTIFS('Action Tracker'!C2:C1000,B31,'Action Tracker'!F2:F1000,"Overdue") -> 0
B32: Procurement | C32: =COUNTIF('Action Tracker'!C2:C1000,B32) -> 2 | D32: =COUNTIFS('Action Tracker'!C2:C1000,B32,'Action Tracker'!F2:F1000,"<>Completed") -> 2 | E32: =COUNTIFS('Action Tracker'!C2:C1000,B32,'Action Tracker'!F2:F1000,"Overdue") -> 1
B33: Executive Office | C33: =COUNTIF('Action Tracker'!C2:C1000,B33) -> 2 | D33: =COUNTIFS('Action Tracker'!C2:C1000,B33,'Action Tracker'!F2:F1000,"<>Completed") -> 1 | E33: =COUNTIFS('Action Tracker'!C2:C1000,B33,'Action Tracker'!F2:F1000,"Overdue") -> 0
B34: Facilities | C34: =COUNTIF('Action Tracker'!C2:C1000,B34) -> 1 | D34: =COUNTIFS('Action Tracker'!C2:C1000,B34,'Action Tracker'!F2:F1000,"<>Completed") -> 0 | E34: =COUNTIFS('Action Tracker'!C2:C1000,B34,'Action Tracker'!F2:F1000,"Overdue") -> 0
B35: Operations | C35: =COUNTIF('Action Tracker'!C2:C1000,B35) -> 1 | D35: =COUNTIFS('Action Tracker'!C2:C1000,B35,'Action Tracker'!F2:F1000,"<>Completed") -> 1 | E35: =COUNTIFS('Action Tracker'!C2:C1000,B35,'Action Tracker'!F2:F1000,"Overdue") -> 0
B38: 3. MANAGEMENT CONTROL NOTES
B39: • High-priority and overdue actions should be reviewed first during management follow-up.
B40: • The Action Tracker sheet is the operational source; dashboard KPIs update from the tracker formulas.
B41: • Days Remaining and Aging are dynamic and recalculate using TODAY().
B42: • Sample data is fictional/anonymized for portfolio demonstration and contains no confidential project information.

Sheet Action Tracker
A1: Action ID | B1: Action / Deliverable | C1: Department | D1: Responsible Person | E1: Priority | F1: Status | G1: Date Raised | H1: Due Date | I1: Days Remaining | J1: Aging (Days) | K1: Completion % | L1: Risk / Impact | M1: Management Remarks
A2: ACT-001 | B2: Close pending subcontractor payment reconciliation | C2: Finance | D2: A. Rahman | E2: High | F2: In Progress | G2: 2026-07-01 | H2: 2026-07-28 | I2: =H2-TODAY() -> 1 | J2: =TODAY()-G2 -> 26 | K2: 0.75 | L2: High | M2: Final supporting documents under review
A3: ACT-002 | B3: Finalize July manpower demobilization list | C3: HR / Admin | D3: S. Ahmed | E3: High | F3: Pending | G3: 2026-07-05 | H3: 2026-07-30 | I3: =H3-TODAY() -> 3 | J3: =TODAY()-G3 -> 22 | K3: 0.4 | L3: High | M3: Management confirmation required
A4: ACT-003 | B4: Submit equipment release schedule | C4: Logistics | D4: M. Khan | E4: Medium | F4: In Progress | G4: 2026-07-07 | H4: 2026-08-03 | I4: =H4-TODAY() -> 7 | J4: =TODAY()-G4 -> 20 | K4: 0.6 | L4: Medium | M4: Coordinate with site teams
A5: ACT-004 | B5: Resolve received-not-invoiced items | C5: Procurement | D5: T. Hassan | E5: High | F5: Overdue | G5: 2026-06-18 | H5: 2026-07-20 | I5: =H5-TODAY() -> -7 | J5: =TODAY()-G5 -> 39 | K5: 0.55 | L5: High | M5: Supplier invoices pending
A6: ACT-005 | B6: Update executive weekly KPI pack | C6: Executive Office | D6: S. Ahmed | E6: Medium | F6: Completed | G6: 2026-07-15 | H6: 2026-07-22 | I6: =H6-TODAY() -> -5 | J6: =TODAY()-G6 -> 12 | K6: 1 | L6: Low | M6: Issued for management review
A7: ACT-006 | B7: Close outstanding PO receiving | C7: Procurement | D7: G. Ali | E7: Medium | F7: In Progress | G7: 2026-07-09 | H7: 2026-07-31 | I7: =H7-TODAY() -> 4 | J7: =TODAY()-G7 -> 18 | K7: 0.7 | L7: Medium | M7: Receiving verification ongoing
A8: ACT-007 | B8: Confirm August release dates | C8: HR / Admin | D8: R. Celik | E8: High | F8: Pending | G8: 2026-07-10 | H8: 2026-07-27 | I8: =H8-TODAY() -> 0 | J8: =TODAY()-G8 -> 17 | K8: 0.25 | L8: High | M8: Awaiting department heads
A9: ACT-008 | B9: Prepare accommodation occupancy forecast | C9: Facilities | D9: M. Albalwi | E9: Low | F9: Completed | G9: 2026-07-12 | H9: 2026-07-24 | I9: =H9-TODAY() -> -3 | J9: =TODAY()-G9 -> 15 | K9: 1 | L9: Low | M9: Forecast completed
A10: ACT-009 | B10: Verify Friday workforce attendance | C10: Operations | D10: D. Rathour | E10: Medium | F10: In Progress | G10: 2026-07-18 | H10: 2026-07-29 | I10: =H10-TODAY() -> 2 | J10: =TODAY()-G10 -> 9 | K10: 0.8 | L10: Medium | M10: Final exceptions under review
A11: ACT-010 | B11: Close advance payment reconciliation | C11: Finance | D11: A. Ramzi | E11: High | F11: Overdue | G11: 2026-06-25 | H11: 2026-07-18 | I11: =H11-TODAY() -> -9 | J11: =TODAY()-G11 -> 32 | K11: 0.5 | L11: High | M11: Escalated for closure
A12: ACT-011 | B12: Issue monthly fleet maintenance summary | C12: Logistics | D12: M. Khan | E12: Low | F12: Completed | G12: 2026-07-10 | H12: 2026-07-25 | I12: =H12-TODAY() -> -2 | J12: =TODAY()-G12 -> 17 | K12: 1 | L12: Low | M12: Submitted
A13: ACT-012 | B13: Finalize management action log | C13: Executive Office | D13: S. Ahmed | E13: Medium | F13: In Progress | G13: 2026-07-20 | H13: 2026-08-01 | I13: =H13-TODAY() -> 5 | J13: =TODAY()-G13 -> 7 | K13: 0.65 | L13: Medium | M13: Open actions being consolidated
