Workbook

Sheet Control Tower
B2: Fleet & Transportation Executive Brief | Q2: =COUNTA('Fleet Register'!A2:A81) -> 80
Q3: =COUNTIF('Fleet Register'!G2:G81,"Operational")/COUNTA('Fleet Register'!A2:A81) -> 0.7625
B4: Monthly readiness, mobility coverage, maintenance exposure and facilities service performance | Q4: =AVERAGE('Driver & Route Plan'!L2:L91) -> 0.88997654
Q5: =SUM('Facilities Services'!J2:J73) -> 235
B6: Status
F7: Fleet Status | G7: Count | J7: Service | K7: Utilization | N7: Route Status | O7: Count
B8: FLEET ASSETS | F8: Operational | G8: =COUNTIF('Fleet Register'!G2:G81,F8) -> 61 | J8: Accommodation | K8: =AVERAGEIF('Facilities Services'!D:D,J8,'Facilities Services'!G:G) -> 0.80476466 | N8: Covered | O8: =COUNTIF('Driver & Route Plan'!M2:M91,"Covered") -> 28
B9: =Q3 -> 0.7625 | F9: Maintenance | G9: =COUNTIF('Fleet Register'!G2:G81,F9) -> 5 | J9: Catering | K9: =AVERAGEIF('Facilities Services'!D:D,J9,'Facilities Services'!G:G) -> 0.8722879 | N9: Partially Covered | O9: =COUNTIF('Driver & Route Plan'!M2:M91,"Partially Covered") -> 30
F10: Breakdown | G10: =COUNTIF('Fleet Register'!G2:G81,F10) -> 8 | J10: Laundry | K10: =AVERAGEIF('Facilities Services'!D:D,J10,'Facilities Services'!G:G) -> 0.81712286 | N10: Exception | O10: =COUNTIF('Driver & Route Plan'!M2:M91,"Exception") -> 32
F11: Standby | G11: =COUNTIF('Fleet Register'!G2:G81,F11) -> 6 | J11: Housekeeping | K11: =AVERAGEIF('Facilities Services'!D:D,J11,'Facilities Services'!G:G) -> 0.83979739
F12: Released | G12: =COUNTIF('Fleet Register'!G2:G81,F12) -> 0 | J12: Water Supply | K12: =AVERAGEIF('Facilities Services'!D:D,J12,'Facilities Services'!G:G) -> 0.86219303
B13: READY RATE | J13: Waste Management | K13: =AVERAGEIF('Facilities Services'!D:D,J13,'Facilities Services'!G:G) -> 0.82631697
B14: =Q4 -> 0.88997654
B18: ROUTE COVERAGE
B19: =Q5 -> 235
B23: OPEN FACILITY ISSUES
L27: Executive Notes
L29: Priority | M29: Current Signal | N29: Recommended Action
L30: Maintenance | M30: 42 services overdue | N30: Accelerate workshop scheduling
L31: Breakdowns | M31: 8 vehicles unavailable | N31: Review recurring failure causes
L32: Routes | M32: 32 exceptions | N32: Rebalance vehicle-driver assignments
L33: Facilities | M33: 235 open issues | N33: Escalate high-impact camp services
L34: Readiness | M34: 76% operational | N34: Target >85% for next cycle
B38: Portfolio Demonstration • Synthetic operational data • Designed by Sudheer Ahmed

Sheet Fleet Register
A1: Vehicle ID | B1: Plate No. | C1: Vehicle Type | D1: Site | E1: Department | F1: Assigned Driver | G1: Status | H1: Model Year | I1: Odometer KM | J1: Fuel / Month L | K1: Monthly Cost SAR | L1: Last Service | M1: Next Service | N1: Days to Service | O1: Breakdown Count | P1: Remarks
A2: VH-001 | B2: TAB-5012 | C2: Pickup | D2: West Site | E2: Executive Office | F2: Driver 07 | G2: Operational | H2: 2026 | I2: 40790 | J2: 2598 | K2: 9712 | L2: 46222 | M2: 46282 | N2: =M2-TODAY() -> 51 | O2: 0 | P2: Routine monitoring
A3: VH-002 | B3: TAB-9279 | C3: Forklift | D3: Head Office | E3: HSE | F3: Driver 13 | G3: Operational | H3: 2026 | I3: 127974 | J3: 1082 | K3: 10159 | L3: 46198 | M3: 46243 | N3: =M3-TODAY() -> 12 | O3: 4 | P3: Routine monitoring
A4: VH-003 | B4: TAB-3615 | C4: Fuel Bowser | D4: East Site | E4: Facilities | F4: Driver 10 | G4: Operational | H4: 2021 | I4: 218145 | J4: 1558 | K4: 4474 | L4: 46114 | M4: 46144 | N4: =M4-TODAY() -> -87 | O4: 0 | P4: Routine monitoring
A5: VH-004 | B5: TAB-5333 | C5: Bus | D5: Lower Portal | E5: HSE | F5: Driver 08 | G5: Operational | H5: 2024 | I5: 38656 | J5: 2441 | K5: 7603 | L5: 46180 | M5: 46240 | N5: =M5-TODAY() -> 9 | O5: 4 | P5: Routine monitoring
A6: VH-005 | B6: TAB-2139 | C6: Bus | D6: Warehouse | E6: Procurement | F6: Driver 19 | G6: Breakdown | H6: 2019 | I6: 242216 | J6: 1133 | K6: 16996 | L6: 46179 | M6: 46224 | N6: =M6-TODAY() -> -7 | O6: 0 | P6: Immediate action required
A7: VH-006 | B7: TAB-3664 | C7: Water Tanker | D7: East Site | E7: Logistics | F7: Driver 18 | G7: Operational | H7: 2019 | I7: 177680 | J7: 2780 | K7: 5603 | L7: 46167 | M7: 46227 | N7: =M7-TODAY() -> -4 | O7: 4 | P7: Routine monitoring
A8: VH-007 | B8: TAB-7216 | C8: Sedan | D8: Vault / TTT | E8: Logistics | F8: Driver 21 | G8: Maintenance | H8: 2018 | I8: 78043 | J8: 311 | K8: 15989 | L8: 46205 | M8: 46295 | N8: =M8-TODAY() -> 64 | O8: 2 | P8: Routine monitoring
A9: VH-008 | B9: TAB-6155 | C9: Pickup | D9: Lower Portal | E9: Construction | F9: Driver 30 | G9: Operational | H9: 2020 | I9: 87436 | J9: 751 | K9: 6840 | L9: 46217 | M9: 46262 | N9: =M9-TODAY() -> 31 | O9: 4 | P9: Routine monitoring
A10: VH-009 | B10: TAB-7543 | C10: Water Tanker | D10: Warehouse | E10: Logistics | F10: Driver 33 | G10: Operational | H10: 2025 | I10: 41831 | J10: 372 | K10: 16908 | L10: 46130 | M10: 46220 | N10: =M10-TODAY() -> -11 | O10: 0 | P10: Routine monitoring
A11: VH-010 | B11: TAB-2040 | C11: Fuel Bowser | D11: North Platform | E11: HSE | F11: Driver 30 | G11: Operational | H11: 2026 | I11: 83906 | J11: 2446 | K11: 16903 | L11: 46205 | M11: 46295 | N11: =M11-TODAY() -> 64 | O11: 0 | P11: Routine monitoring
A12: VH-011 | B12: TAB-6573 | C12: Coaster | D12: Segment Factory | E12: Construction | F12: Driver 11 | G12: Operational | H12: 2025 | I12: 18850 | J12: 1258 | K12: 11001 | L12: 46211 | M12: 46271 | N12: =M12-TODAY() -> 40 | O12: 1 | P12: Routine monitoring
A13: VH-012 | B13: TAB-9317 | C13: Forklift | D13: Warehouse | E13: Logistics | F13: Driver 24 | G13: Operational | H13: 2020 | I13: 159394 | J13: 2352 | K13: 17848 | L13: 46212 | M13: 46272 | N13: =M13-TODAY() -> 41 | O13: 0 | P13: Routine monitoring
... A81: VH-080 | B81: TAB-6568 | C81: Maintenance Van | D81: Segment Factory | E81: Procurement | F81: Driver 01 | G81: Breakdown | H81: 2022 | I81: 208329 | J81: 1402 | K81: 16521 | L81: 46190 | M81: 46280 | N81: =M81-TODAY() -> 49 | O81: 4 | P81: Immediate action required

Sheet Driver & Route Plan
A1: Plan ID | B1: Date | C1: Shift | D1: Route | E1: Site | F1: Driver | G1: Vehicle ID | H1: Planned Trips | I1: Actual Trips | J1: Passengers Planned | K1: Passengers Actual | L1: Coverage % | M1: Status | N1: Remarks
A2: RP-001 | B2: 46216 | C2: Split | D2: Camp–Segment Factory | E2: East Site | F2: Driver 22 | G2: VH-071 | H2: 11 | I2: 12 | J2: 165 | K2: 165 | L2: =IF(J2=0,0,K2/J2) -> 1 | M2: Exception | N2: Synthetic planning sample
A3: RP-002 | B3: 46208 | C3: Day | D3: HO–Base Camp | E3: North Platform | F3: Driver 15 | G3: VH-053 | H3: 8 | I3: 8 | J3: 122 | K3: 122 | L3: =IF(J3=0,0,K3/J3) -> 1 | M3: Covered | N3: Synthetic planning sample
A4: RP-003 | B4: 46205 | C4: Night | D4: Camp–Segment Factory | E4: West Site | F4: Driver 32 | G4: VH-005 | H4: 7 | I4: 8 | J4: 161 | K4: 153 | L4: =IF(J4=0,0,K4/J4) -> 0.95031056 | M4: Covered | N4: Synthetic planning sample
A5: RP-004 | B5: 46203 | C5: Night | D5: Camp–West Site | E5: Vault / TTT | F5: Driver 30 | G5: VH-002 | H5: 10 | I5: 10 | J5: 124 | K5: 124 | L5: =IF(J5=0,0,K5/J5) -> 1 | M5: Exception | N5: Synthetic planning sample
A6: RP-005 | B6: 46228 | C6: Night | D6: HO–Warehouse | E6: East Site | F6: Driver 40 | G6: VH-051 | H6: 4 | I6: 4 | J6: 207 | K6: 215 | L6: =IF(J6=0,0,K6/J6) -> 1.0386473 | M6: Exception | N6: Synthetic planning sample
A7: RP-006 | B7: 46218 | C7: Night | D7: Emergency Shuttle | E7: Lower Portal | F7: Driver 35 | G7: VH-005 | H7: 3 | I7: 3 | J7: 212 | K7: 212 | L7: =IF(J7=0,0,K7/J7) -> 1 | M7: Exception | N7: Synthetic planning sample
A8: RP-007 | B8: 46221 | C8: Day | D8: Emergency Shuttle | E8: Base Camp | F8: Driver 28 | G8: VH-013 | H8: 3 | I8: 2 | J8: 201 | K8: 190 | L8: =IF(J8=0,0,K8/J8) -> 0.94527363 | M8: Exception | N8: Synthetic planning sample
A9: RP-008 | B9: 46202 | C9: Day | D9: Camp–West Site | E9: East Site | F9: Driver 04 | G9: VH-038 | H9: 3 | I9: 3 | J9: 82 | K9: 77 | L9: =IF(J9=0,0,K9/J9) -> 0.93902439 | M9: Partially Covered | N9: Synthetic planning sample
A10: RP-009 | B10: 46217 | C10: Split | D10: Emergency Shuttle | E10: West Site | F10: Driver 11 | G10: VH-023 | H10: 7 | I10: 7 | J10: 77 | K10: 61 | L10: =IF(J10=0,0,K10/J10) -> 0.79220779 | M10: Covered | N10: Synthetic planning sample
A11: RP-010 | B11: 46215 | C11: Split | D11: Camp–East Site | E11: Warehouse | F11: Driver 30 | G11: VH-033 | H11: 11 | I11: 11 | J11: 198 | K11: 187 | L11: =IF(J11=0,0,K11/J11) -> 0.94444444 | M11: Partially Covered | N11: Synthetic planning sample
A12: RP-011 | B12: 46216 | C12: Night | D12: Emergency Shuttle | E12: Vault / TTT | F12: Driver 11 | G12: VH-010 | H12: 6 | I12: 7 | J12: 42 | K12: 42 | L12: =IF(J12=0,0,K12/J12) -> 1 | M12: Partially Covered | N12: Synthetic planning sample
A13: RP-012 | B13: 46217 | C13: Split | D13: HO–Warehouse | E13: Lower Portal | F13: Driver 20 | G13: VH-026 | H13: 7 | I13: 7 | J13: 116 | K13: 107 | L13: =IF(J13=0,0,K13/J13) -> 0.92241379 | M13: Partially Covered | N13: Synthetic planning sample
... A91: RP-090 | B91: 46223 | C91: Day | D91: Camp–West Site | E91: West Site | F91: Driver 32 | G91: VH-067 | H91: 7 | I91: 7 | J91: 120 | K91: 112 | L91: =IF(J91=0,0,K91/J91) -> 0.93333333 | M91: Partially Covered | N91: Synthetic planning sample

Sheet Facilities Services
A1: Service ID | B1: Month | C1: Site | D1: Service Category | E1: Capacity / Plan | F1: Actual Usage | G1: Utilization % | H1: Service Status | I1: Monthly Cost SAR | J1: Open Issues | K1: Owner | L1: Remarks
A2: FS-001 | B2: Mar-2026 | C2: Segment Factory | D2: Waste Management | E2: 655 | F2: 485 | G2: =IF(E2=0,0,F2/E2) -> 0.74045802 | H2: On Track | I2: 172399 | J2: 2 | K2: Admin Supervisor | L2: Synthetic facilities monitoring
A3: FS-002 | B3: Feb-2026 | C3: Base Camp | D3: Housekeeping | E3: 284 | F3: 199 | G3: =IF(E3=0,0,F3/E3) -> 0.70070423 | H3: On Track | I3: 128683 | J3: 0 | K3: Logistics Coordinator | L3: Synthetic facilities monitoring
A4: FS-003 | B4: May-2026 | C4: Vault / TTT | D4: Laundry | E4: 435 | F4: 298 | G4: =IF(E4=0,0,F4/E4) -> 0.68505747 | H4: Due Soon | I4: 53289 | J4: 5 | K4: Camp Manager | L4: Synthetic facilities monitoring
A5: FS-004 | B5: Feb-2026 | C5: Base Camp | D5: Catering | E5: 450 | F5: 422 | G5: =IF(E5=0,0,F5/E5) -> 0.93777778 | H5: Due Soon | I5: 74058 | J5: 6 | K5: Admin Supervisor | L5: Synthetic facilities monitoring
A6: FS-005 | B6: May-2026 | C6: Cube | D6: Laundry | E6: 106 | F6: 91 | G6: =IF(E6=0,0,F6/E6) -> 0.85849057 | H6: On Track | I6: 156610 | J6: 1 | K6: Facilities Lead | L6: Synthetic facilities monitoring
A7: FS-006 | B7: Apr-2026 | C7: Lower Portal | D7: Water Supply | E7: 147 | F7: 114 | G7: =IF(E7=0,0,F7/E7) -> 0.7755102 | H7: On Track | I7: 119330 | J7: 6 | K7: Facilities Lead | L7: Synthetic facilities monitoring
A8: FS-007 | B8: Jun-2026 | C8: Base Camp | D8: Housekeeping | E8: 208 | F8: 175 | G8: =IF(E8=0,0,F8/E8) -> 0.84134615 | H8: On Track | I8: 147622 | J8: 2 | K8: Camp Manager | L8: Synthetic facilities monitoring
A9: FS-008 | B9: Feb-2026 | C9: North Platform | D9: Water Supply | E9: 644 | F9: 511 | G9: =IF(E9=0,0,F9/E9) -> 0.79347826 | H9: Due Soon | I9: 26526 | J9: 6 | K9: Facilities Lead | L9: Synthetic facilities monitoring
A10: FS-009 | B10: Mar-2026 | C10: West Site | D10: Catering | E10: 610 | F10: 435 | G10: =IF(E10=0,0,F10/E10) -> 0.71311475 | H10: On Track | I10: 71105 | J10: 2 | K10: Logistics Coordinator | L10: Synthetic facilities monitoring
A11: FS-010 | B11: Feb-2026 | C11: Vault / TTT | D11: Laundry | E11: 160 | F11: 136 | G11: =IF(E11=0,0,F11/E11) -> 0.85 | H11: On Track | I11: 91383 | J11: 4 | K11: Facilities Lead | L11: Synthetic facilities monitoring
A12: FS-011 | B12: Feb-2026 | C12: Cube | D12: Water Supply | E12: 594 | F12: 550 | G12: =IF(E12=0,0,F12/E12) -> 0.92592593 | H12: On Track | I12: 175703 | J12: 5 | K12: Logistics Coordinator | L12: Synthetic facilities monitoring
A13: FS-012 | B13: Jan-2026 | C13: Base Camp | D13: Accommodation | E13: 657 | F13: 448 | G13: =IF(E13=0,0,F13/E13) -> 0.68188737 | H13: Overdue | I13: 163197 | J13: 2 | K13: Camp Manager | L13: Synthetic facilities monitoring
... A73: FS-072 | B73: Apr-2026 | C73: Warehouse | D73: Laundry | E73: 650 | F73: 490 | G73: =IF(E73=0,0,F73/E73) -> 0.75384615 | H73: On Track | I73: 32727 | J73: 3 | K73: Logistics Coordinator | L73: Synthetic facilities monitoring

Sheet Lists
A1: Vehicle Status | B1: Vehicle Type | C1: Site | D1: Route Shift | E1: Priority | F1: Service Status
A2: Operational | B2: Bus | C2: Head Office | D2: Day | E2: High | F2: On Track
A3: Maintenance | B3: Coaster | C3: Base Camp | D3: Night | E3: Medium | F3: Due Soon
A4: Breakdown | B4: SUV | C4: West Site | D4: Split | E4: Low | F4: Overdue
A5: Standby | B5: Pickup | C5: Warehouse
A6: Released | B6: Sedan | C6: Segment Factory
B7: Water Tanker | C7: East Site
B8: Fuel Bowser | C8: North Platform
B9: Ambulance | C9: Lower Portal
B10: Maintenance Van | C10: Vault / TTT
B11: Forklift | C11: Cube
B12: Other | C12: Accommodation Camp
