Workbook

Sheet Dashboard
B2: WIR Status Dashboard
B3: Coastal Tunnel Package (CTP) • Desert Horizon JV • Consultant: Meridian Engineering Partners • Demo data
B6: TOTAL WIRs | E6: APPROVED | H6: PENDING | K6: OVERDUE
B7: =COUNTA('WIR Register'!$A$5:$A$2000) | E7: =COUNTIF('WIR Register'!$H$5:$H$2000,"Approved")+COUNTIF('WIR Register'!$H$5:$H$2000,"Approved with Comments") | H7: =COUNTIF('WIR Register'!$H$5:$H$2000,"Pending") | K7: =COUNTIFS('WIR Register'!$H$5:$H$2000,"Pending",'WIR Register'!$J$5:$J$2000,">3")
B8: Submitted since July | E8: Including approved with comments | H8: Awaiting consultant response | K8: Pending more than 3 days
B10: STATUS BY DISCIPLINE | I10: MIX BY DISCIPLINE
B11: Discipline | C11: Approved | D11: With Comments | E11: Rejected | F11: Pending | G11: Total | H11: Approval %
B12: Geotechnical | C12: =COUNTIFS('WIR Register'!$C$5:$C$2000,$B12,'WIR Register'!$H$5:$H$2000,"Approved") | D12: =COUNTIFS('WIR Register'!$C$5:$C$2000,$B12,'WIR Register'!$H$5:$H$2000,"Approved with Comments") | E12: =COUNTIFS('WIR Register'!$C$5:$C$2000,$B12,'WIR Register'!$H$5:$H$2000,"Rejected") | F12: =COUNTIFS('WIR Register'!$C$5:$C$2000,$B12,'WIR Register'!$H$5:$H$2000,"Pending") | G12: =SUM(C12:F12) | H12: =IFERROR((C12+D12)/(G12-F12),0)
B13: Civil | C13: =COUNTIFS('WIR Register'!$C$5:$C$2000,$B13,'WIR Register'!$H$5:$H$2000,"Approved") | D13: =COUNTIFS('WIR Register'!$C$5:$C$2000,$B13,'WIR Register'!$H$5:$H$2000,"Approved with Comments") | E13: =COUNTIFS('WIR Register'!$C$5:$C$2000,$B13,'WIR Register'!$H$5:$H$2000,"Rejected") | F13: =COUNTIFS('WIR Register'!$C$5:$C$2000,$B13,'WIR Register'!$H$5:$H$2000,"Pending") | G13: =SUM(C13:F13) | H13: =IFERROR((C13+D13)/(G13-F13),0)
B14: Tunnelling | C14: =COUNTIFS('WIR Register'!$C$5:$C$2000,$B14,'WIR Register'!$H$5:$H$2000,"Approved") | D14: =COUNTIFS('WIR Register'!$C$5:$C$2000,$B14,'WIR Register'!$H$5:$H$2000,"Approved with Comments") | E14: =COUNTIFS('WIR Register'!$C$5:$C$2000,$B14,'WIR Register'!$H$5:$H$2000,"Rejected") | F14: =COUNTIFS('WIR Register'!$C$5:$C$2000,$B14,'WIR Register'!$H$5:$H$2000,"Pending") | G14: =SUM(C14:F14) | H14: =IFERROR((C14+D14)/(G14-F14),0)
B15: MEP | C15: =COUNTIFS('WIR Register'!$C$5:$C$2000,$B15,'WIR Register'!$H$5:$H$2000,"Approved") | D15: =COUNTIFS('WIR Register'!$C$5:$C$2000,$B15,'WIR Register'!$H$5:$H$2000,"Approved with Comments") | E15: =COUNTIFS('WIR Register'!$C$5:$C$2000,$B15,'WIR Register'!$H$5:$H$2000,"Rejected") | F15: =COUNTIFS('WIR Register'!$C$5:$C$2000,$B15,'WIR Register'!$H$5:$H$2000,"Pending") | G15: =SUM(C15:F15) | H15: =IFERROR((C15+D15)/(G15-F15),0)
B16: Survey | C16: =COUNTIFS('WIR Register'!$C$5:$C$2000,$B16,'WIR Register'!$H$5:$H$2000,"Approved") | D16: =COUNTIFS('WIR Register'!$C$5:$C$2000,$B16,'WIR Register'!$H$5:$H$2000,"Approved with Comments") | E16: =COUNTIFS('WIR Register'!$C$5:$C$2000,$B16,'WIR Register'!$H$5:$H$2000,"Rejected") | F16: =COUNTIFS('WIR Register'!$C$5:$C$2000,$B16,'WIR Register'!$H$5:$H$2000,"Pending") | G16: =SUM(C16:F16) | H16: =IFERROR((C16+D16)/(G16-F16),0)
B17: Total | C17: =SUM(C12:C16) | D17: =SUM(D12:D16) | E17: =SUM(E12:E16) | F17: =SUM(F12:F16) | G17: =SUM(G12:G16) | H17: =IFERROR((C17+D17)/(G17-F17),0)
B23: MONTHLY SUBMISSIONS | I23: MONTHLY TREND
B24: Month | C24: Geotechnical | D24: Civil | E24: Tunnelling | F24: MEP | G24: Survey | H24: Total
B25: 46204 | C25: =COUNTIFS('WIR Register'!$C$5:$C$2000,"Geotechnical",'WIR Register'!$B$5:$B$2000,">="&$B25,'WIR Register'!$B$5:$B$2000,"<="&EOMONTH($B25,0)) | D25: =COUNTIFS('WIR Register'!$C$5:$C$2000,"Civil",'WIR Register'!$B$5:$B$2000,">="&$B25,'WIR Register'!$B$5:$B$2000,"<="&EOMONTH($B25,0)) | E25: =COUNTIFS('WIR Register'!$C$5:$C$2000,"Tunnelling",'WIR Register'!$B$5:$B$2000,">="&$B25,'WIR Register'!$B$5:$B$2000,"<="&EOMONTH($B25,0)) | F25: =COUNTIFS('WIR Register'!$C$5:$C$2000,"MEP",'WIR Register'!$B$5:$B$2000,">="&$B25,'WIR Register'!$B$5:$B$2000,"<="&EOMONTH($B25,0)) | G25: =COUNTIFS('WIR Register'!$C$5:$C$2000,"Survey",'WIR Register'!$B$5:$B$2000,">="&$B25,'WIR Register'!$B$5:$B$2000,"<="&EOMONTH($B25,0)) | H25: =SUM(C25:G25)
B26: 46235 | C26: =COUNTIFS('WIR Register'!$C$5:$C$2000,"Geotechnical",'WIR Register'!$B$5:$B$2000,">="&$B26,'WIR Register'!$B$5:$B$2000,"<="&EOMONTH($B26,0)) | D26: =COUNTIFS('WIR Register'!$C$5:$C$2000,"Civil",'WIR Register'!$B$5:$B$2000,">="&$B26,'WIR Register'!$B$5:$B$2000,"<="&EOMONTH($B26,0)) | E26: =COUNTIFS('WIR Register'!$C$5:$C$2000,"Tunnelling",'WIR Register'!$B$5:$B$2000,">="&$B26,'WIR Register'!$B$5:$B$2000,"<="&EOMONTH($B26,0)) | F26: =COUNTIFS('WIR Register'!$C$5:$C$2000,"MEP",'WIR Register'!$B$5:$B$2000,">="&$B26,'WIR Register'!$B$5:$B$2000,"<="&EOMONTH($B26,0)) | G26: =COUNTIFS('WIR Register'!$C$5:$C$2000,"Survey",'WIR Register'!$B$5:$B$2000,">="&$B26,'WIR Register'!$B$5:$B$2000,"<="&EOMONTH($B26,0)) | H26: =SUM(C26:G26)
B27: 46266 | C27: =COUNTIFS('WIR Register'!$C$5:$C$2000,"Geotechnical",'WIR Register'!$B$5:$B$2000,">="&$B27,'WIR Register'!$B$5:$B$2000,"<="&EOMONTH($B27,0)) | D27: =COUNTIFS('WIR Register'!$C$5:$C$2000,"Civil",'WIR Register'!$B$5:$B$2000,">="&$B27,'WIR Register'!$B$5:$B$2000,"<="&EOMONTH($B27,0)) | E27: =COUNTIFS('WIR Register'!$C$5:$C$2000,"Tunnelling",'WIR Register'!$B$5:$B$2000,">="&$B27,'WIR Register'!$B$5:$B$2000,"<="&EOMONTH($B27,0)) | F27: =COUNTIFS('WIR Register'!$C$5:$C$2000,"MEP",'WIR Register'!$B$5:$B$2000,">="&$B27,'WIR Register'!$B$5:$B$2000,"<="&EOMONTH($B27,0)) | G27: =COUNTIFS('WIR Register'!$C$5:$C$2000,"Survey",'WIR Register'!$B$5:$B$2000,">="&$B27,'WIR Register'!$B$5:$B$2000,"<="&EOMONTH($B27,0)) | H27: =SUM(C27:G27)
B28: 46296 | C28: =COUNTIFS('WIR Register'!$C$5:$C$2000,"Geotechnical",'WIR Register'!$B$5:$B$2000,">="&$B28,'WIR Register'!$B$5:$B$2000,"<="&EOMONTH($B28,0)) | D28: =COUNTIFS('WIR Register'!$C$5:$C$2000,"Civil",'WIR Register'!$B$5:$B$2000,">="&$B28,'WIR Register'!$B$5:$B$2000,"<="&EOMONTH($B28,0)) | E28: =COUNTIFS('WIR Register'!$C$5:$C$2000,"Tunnelling",'WIR Register'!$B$5:$B$2000,">="&$B28,'WIR Register'!$B$5:$B$2000,"<="&EOMONTH($B28,0)) | F28: =COUNTIFS('WIR Register'!$C$5:$C$2000,"MEP",'WIR Register'!$B$5:$B$2000,">="&$B28,'WIR Register'!$B$5:$B$2000,"<="&EOMONTH($B28,0)) | G28: =COUNTIFS('WIR Register'!$C$5:$C$2000,"Survey",'WIR Register'!$B$5:$B$2000,">="&$B28,'WIR Register'!$B$5:$B$2000,"<="&EOMONTH($B28,0)) | H28: =SUM(C28:G28)

Sheet WIR Register
A1: WIR Register – Work Inspection Requests
A2: Coastal Tunnel Package (CTP) – Desert Horizon JV • Consultant: Meridian Engineering Partners • Demo data
A4: WIR No. | B4: Submitted | C4: Discipline | D4: Activity | E4: Location | F4: Inspection Date | G4: Consultant Inspector | H4: Status | I4: Response Date | J4: Days Open | K4: Remarks
A5: CTP-WIR-CIV-0001 | B5: 46204 | C5: Civil | D5: Formwork inspection | E5: CH 6+071 | F5: 46205 | G5: Eng. Ali Haddad | H5: Approved | I5: 46207 | J5: =IF(H5="Pending",TODAY()-B5,IF(I5="","",I5-B5))
A6: CTP-WIR-GEO-0001 | B6: 46204 | C6: Geotechnical | D6: Borehole drilling & logging | E6: CH 1+840 | F6: 46205 | G6: Eng. Sara Nasser | H6: Approved | I6: 46205 | J6: =IF(H6="Pending",TODAY()-B6,IF(I6="","",I6-B6))
A7: CTP-WIR-MEP-0001 | B7: 46204 | C7: MEP | D7: Ventilation duct alignment | E7: CH 8+879 | F7: 46204 | G7: Eng. Sara Nasser | H7: Rejected | I7: 46204 | J7: =IF(H7="Pending",TODAY()-B7,IF(I7="","",I7-B7)) | K7: Re-inspection required
A8: CTP-WIR-SUR-0001 | B8: 46204 | C8: Survey | D8: Setting-out check | E8: CH 2+105 | F8: 46204 | G8: Eng. Sara Nasser | H8: Approved | I8: 46207 | J8: =IF(H8="Pending",TODAY()-B8,IF(I8="","",I8-B8))
A9: CTP-WIR-TUN-0001 | B9: 46204 | C9: Tunnelling | D9: Segment ring build | E9: CH 3+645 | F9: 46204 | G9: Eng. Hana Saleh | H9: Approved with Comments | I9: 46204 | J9: =IF(H9="Pending",TODAY()-B9,IF(I9="","",I9-B9)) | K9: Minor comments to close
A10: CTP-WIR-CIV-0002 | B10: 46205 | C10: Civil | D10: Concrete pouring | E10: CH 8+437 | F10: 46205 | G10: Eng. Pedro Alves | H10: Approved | I10: 46207 | J10: =IF(H10="Pending",TODAY()-B10,IF(I10="","",I10-B10))
A11: CTP-WIR-CIV-0003 | B11: 46205 | C11: Civil | D11: Formwork inspection | E11: CH 2+715 | F11: 46207 | G11: Eng. Ali Haddad | H11: Approved | I11: 46208 | J11: =IF(H11="Pending",TODAY()-B11,IF(I11="","",I11-B11))
A12: CTP-WIR-MEP-0002 | B12: 46205 | C12: MEP | D12: Cable tray installation | E12: CH 7+431 | F12: 46206 | G12: Eng. Ali Haddad | H12: Approved with Comments | I12: 46207 | J12: =IF(H12="Pending",TODAY()-B12,IF(I12="","",I12-B12)) | K12: Minor comments to close
A13: CTP-WIR-SUR-0002 | B13: 46205 | C13: Survey | D13: Settlement monitoring | E13: CH 9+508 | F13: 46206 | G13: Eng. Ali Haddad | H13: Approved | I13: 46207 | J13: =IF(H13="Pending",TODAY()-B13,IF(I13="","",I13-B13))
A14: CTP-WIR-SUR-0003 | B14: 46205 | C14: Survey | D14: As-built survey | E14: CH 1+062 | F14: 46205 | G14: Eng. Hana Saleh | H14: Rejected | I14: 46207 | J14: =IF(H14="Pending",TODAY()-B14,IF(I14="","",I14-B14)) | K14: Re-inspection required
A15: CTP-WIR-TUN-0002 | B15: 46205 | C15: Tunnelling | D15: Segment ring build | E15: CH 4+623 | F15: 46207 | G15: Eng. Ali Haddad | H15: Approved with Comments | I15: 46209 | J15: =IF(H15="Pending",TODAY()-B15,IF(I15="","",I15-B15)) | K15: Minor comments to close
A16: CTP-WIR-CIV-0004 | B16: 46207 | C16: Civil | D16: Backfilling & compaction | E16: CH 4+723 | F16: 46208 | G16: Eng. Sara Nasser | H16: Approved with Comments | I16: 46211 | J16: =IF(H16="Pending",TODAY()-B16,IF(I16="","",I16-B16)) | K16: Minor comments to close
A17: CTP-WIR-GEO-0002 | B17: 46207 | C17: Geotechnical | D17: Ground anchor installation | E17: CH 5+023 | F17: 46209 | G17: Eng. Sara Nasser | H17: Approved | I17: 46211 | J17: =IF(H17="Pending",TODAY()-B17,IF(I17="","",I17-B17))
A18: CTP-WIR-GEO-0003 | B18: 46207 | C18: Geotechnical | D18: Rock bolt pull-out test | E18: CH 0+223 | F18: 46208 | G18: Eng. Mark Collins | H18: Approved | I18: 46210 | J18: =IF(H18="Pending",TODAY()-B18,IF(I18="","",I18-B18))
A19: CTP-WIR-GEO-0004 | B19: 46207 | C19: Geotechnical | D19: Ground anchor installation | E19: CH 1+170 | F19: 46208 | G19: Eng. Pedro Alves | H19: Approved | I19: 46210 | J19: =IF(H19="Pending",TODAY()-B19,IF(I19="","",I19-B19))
A20: CTP-WIR-SUR-0004 | B20: 46207 | C20: Survey | D20: Tunnel alignment survey | E20: CH 9+670 | F20: 46208 | G20: Eng. Pedro Alves | H20: Rejected | I20: 46211 | J20: =IF(H20="Pending",TODAY()-B20,IF(I20="","",I20-B20)) | K20: Re-inspection required
A21: CTP-WIR-TUN-0003 | B21: 46207 | C21: Tunnelling | D21: TBM cutter change | E21: CH 1+180 | F21: 46209 | G21: Eng. Mark Collins | H21: Rejected | I21: 46210 | J21: =IF(H21="Pending",TODAY()-B21,IF(I21="","",I21-B21)) | K21: Re-inspection required
A22: CTP-WIR-TUN-0004 | B22: 46207 | C22: Tunnelling | D22: Annulus grouting | E22: CH 2+269 | F22: 46208 | G22: Eng. Ali Haddad | H22: Approved | I22: 46211 | J22: =IF(H22="Pending",TODAY()-B22,IF(I22="","",I22-B22))
A23: CTP-WIR-CIV-0005 | B23: 46208 | C23: Civil | D23: Concrete pouring | E23: CH 8+103 | F23: 46208 | G23: Eng. Hana Saleh | H23: Approved | I23: 46209 | J23: =IF(H23="Pending",TODAY()-B23,IF(I23="","",I23-B23))
A24: CTP-WIR-GEO-0005 | B24: 46208 | C24: Geotechnical | D24: Ground anchor installation | E24: CH 1+493 | F24: 46210 | G24: Eng. Ali Haddad | H24: Approved | I24: 46212 | J24: =IF(H24="Pending",TODAY()-B24,IF(I24="","",I24-B24))
A25: CTP-WIR-GEO-0006 | B25: 46208 | C25: Geotechnical | D25: Borehole drilling & logging | E25: CH 7+166 | F25: 46209 | G25: Eng. Sara Nasser | H25: Approved | I25: 46210 | J25: =IF(H25="Pending",TODAY()-B25,IF(I25="","",I25-B25))
A26: CTP-WIR-MEP-0003 | B26: 46208 | C26: MEP | D26: Pump station testing | E26: CH 5+616 | F26: 46210 | G26: Eng. Pedro Alves | H26: Approved | I26: 46211 | J26: =IF(H26="Pending",TODAY()-B26,IF(I26="","",I26-B26))
A27: CTP-WIR-MEP-0004 | B27: 46208 | C27: MEP | D27: Lighting installation | E27: CH 7+491 | F27: 46208 | G27: Eng. Sara Nasser | H27: Approved | I27: 46210 | J27: =IF(H27="Pending",TODAY()-B27,IF(I27="","",I27-B27))
A28: CTP-WIR-CIV-0006 | B28: 46209 | C28: Civil | D28: Formwork inspection | E28: CH 8+023 | F28: 46210 | G28: Eng. Hana Saleh | H28: Approved | I28: 46211 | J28: =IF(H28="Pending",TODAY()-B28,IF(I28="","",I28-B28))
A29: CTP-WIR-MEP-0005 | B29: 46209 | C29: MEP | D29: Pump station testing | E29: CH 8+554 | F29: 46210 | G29: Eng. Mark Collins | H29: Approved | I29: 46211 | J29: =IF(H29="Pending",TODAY()-B29,IF(I29="","",I29-B29))
A30: CTP-WIR-SUR-0005 | B30: 46209 | C30: Survey | D30: Settlement monitoring | E30: CH 3+204 | F30: 46210 | G30: Eng. Sara Nasser | H30: Approved with Comments | I30: 46212 | J30: =IF(H30="Pending",TODAY()-B30,IF(I30="","",I30-B30)) | K30: Minor comments to close
A31: CTP-WIR-TUN-0005 | B31: 46209 | C31: Tunnelling | D31: Annulus grouting | E31: CH 1+712 | F31: 46209 | G31: Eng. Hana Saleh | H31: Approved with Comments | I31: 46210 | J31: =IF(H31="Pending",TODAY()-B31,IF(I31="","",I31-B31)) | K31: Minor comments to close
A32: CTP-WIR-CIV-0007 | B32: 46210 | C32: Civil | D32: Rebar inspection before concrete | E32: CH 9+860 | F32: 46211 | G32: Eng. Pedro Alves | H32: Approved | I32: 46214 | J32: =IF(H32="Pending",TODAY()-B32,IF(I32="","",I32-B32))
A33: CTP-WIR-GEO-0007 | B33: 46210 | C33: Geotechnical | D33: Rock bolt pull-out test | E33: CH 4+198 | F33: 46210 | G33: Eng. Pedro Alves | H33: Approved with Comments | I33: 46212 | J33: =IF(H33="Pending",TODAY()-B33,IF(I33="","",I33-B33)) | K33: Minor comments to close
A34: CTP-WIR-GEO-0008 | B34: 46210 | C34: Geotechnical | D34: Borehole drilling & logging | E34: CH 1+225 | F34: 46211 | G34: Eng. Mark Collins | H34: Rejected | I34: 46212 | J34: =IF(H34="Pending",TODAY()-B34,IF(I34="","",I34-B34)) | K34: Re-inspection required
A35: CTP-WIR-SUR-0006 | B35: 46210 | C35: Survey | D35: As-built survey | E35: CH 7+673 | F35: 46211 | G35: Eng. Mark Collins | H35: Approved | I35: 46214 | J35: =IF(H35="Pending",TODAY()-B35,IF(I35="","",I35-B35))
A36: CTP-WIR-SUR-0007 | B36: 46210 | C36: Survey | D36: Setting-out check | E36: CH 8+767 | F36: 46211 | G36: Eng. Pedro Alves | H36: Approved | I36: 46211 | J36: =IF(H36="Pending",TODAY()-B36,IF(I36="","",I36-B36))
A37: CTP-WIR-TUN-0006 | B37: 46210 | C37: Tunnelling | D37: Tunnel invert cleaning | E37: CH 1+931 | F37: 46211 | G37: Eng. Mark Collins | H37: Approved with Comments | I37: 46211 | J37: =IF(H37="Pending",TODAY()-B37,IF(I37="","",I37-B37)) | K37: Minor comments to close
A38: CTP-WIR-TUN-0007 | B38: 46210 | C38: Tunnelling | D38: Tunnel invert cleaning | E38: CH 5+088 | F38: 46212 | G38: Eng. Pedro Alves | H38: Approved with Comments | I38: 46214 | J38: =IF(H38="Pending",TODAY()-B38,IF(I38="","",I38-B38)) | K38: Minor comments to close
A39: CTP-WIR-TUN-0008 | B39: 46210 | C39: Tunnelling | D39: TBM cutter change | E39: CH 2+174 | F39: 46212 | G39: Eng. Ali Haddad | H39: Approved with Comments | I39: 46212 | J39: =IF(H39="Pending",TODAY()-B39,IF(I39="","",I39-B39)) | K39: Minor comments to close
A40: CTP-WIR-GEO-0009 | B40: 46211 | C40: Geotechnical | D40: Grout injection | E40: CH 0+257 | F40: 46212 | G40: Eng. Sara Nasser | H40: Approved with Comments | I40: 46213 | J40: =IF(H40="Pending",TODAY()-B40,IF(I40="","",I40-B40)) | K40: Minor comments to close
A41: CTP-WIR-GEO-0010 | B41: 46211 | C41: Geotechnical | D41: Ground anchor installation | E41: CH 4+557 | F41: 46212 | G41: Eng. Mark Collins | H41: Approved with Comments | I41: 46213 | J41: =IF(H41="Pending",TODAY()-B41,IF(I41="","",I41-B41)) | K41: Minor comments to close
A42: CTP-WIR-GEO-0011 | B42: 46211 | C42: Geotechnical | D42: Ground anchor installation | E42: CH 7+678 | F42: 46211 | G42: Eng. Hana Saleh | H42: Rejected | I42: 46212 | J42: =IF(H42="Pending",TODAY()-B42,IF(I42="","",I42-B42)) | K42: Re-inspection required
A43: CTP-WIR-MEP-0006 | B43: 46211 | C43: MEP | D43: Ventilation duct alignment | E43: CH 0+794 | F43: 46213 | G43: Eng. Mark Collins | H43: Approved with Comments | I43: 46216 | J43: =IF(H43="Pending",TODAY()-B43,IF(I43="","",I43-B43)) | K43: Minor comments to close
A44: CTP-WIR-CIV-0008 | B44: 46212 | C44: Civil | D44: Rebar inspection before concrete | E44: CH 0+790 | F44: 46212 | G44: Eng. Hana Saleh | H44: Approved | I44: 46213 | J44: =IF(H44="Pending",TODAY()-B44,IF(I44="","",I44-B44))
A45: CTP-WIR-CIV-0009 | B45: 46212 | C45: Civil | D45: Formwork inspection | E45: CH 7+333 | F45: 46214 | G45: Eng. Sara Nasser | H45: Approved | I45: 46214 | J45: =IF(H45="Pending",TODAY()-B45,IF(I45="","",I45-B45))
A46: CTP-WIR-GEO-0012 | B46: 46212 | C46: Geotechnical | D46: Ground anchor installation | E46: CH 8+543 | F46: 46212 | G46: Eng. Ali Haddad | H46: Approved | I46: 46213 | J46: =IF(H46="Pending",TODAY()-B46,IF(I46="","",I46-B46))
A47: CTP-WIR-MEP-0007 | B47: 46212 | C47: MEP | D47: Lighting installation | E47: CH 6+124 | F47: 46213 | G47: Eng. Pedro Alves | H47: Approved with Comments | I47: 46214 | J47: =IF(H47="Pending",TODAY()-B47,IF(I47="","",I47-B47)) | K47: Minor comments to close
A48: CTP-WIR-MEP-0008 | B48: 46212 | C48: MEP | D48: Ventilation duct alignment | E48: CH 6+074 | F48: 46213 | G48: Eng. Sara Nasser | H48: Approved | I48: 46214 | J48: =IF(H48="Pending",TODAY()-B48,IF(I48="","",I48-B48))
A49: CTP-WIR-SUR-0008 | B49: 46212 | C49: Survey | D49: Setting-out check | E49: CH 2+259 | F49: 46213 | G49: Eng. Pedro Alves | H49: Rejected | I49: 46214 | J49: =IF(H49="Pending",TODAY()-B49,IF(I49="","",I49-B49)) | K49: Re-inspection required
A50: CTP-WIR-SUR-0009 | B50: 46212 | C50: Survey | D50: Settlement monitoring | E50: CH 6+906 | F50: 46213 | G50: Eng. Mark Collins | H50: Approved with Comments | I50: 46213 | J50: =IF(H50="Pending",TODAY()-B50,IF(I50="","",I50-B50)) | K50: Minor comments to close
A51: CTP-WIR-TUN-0009 | B51: 46212 | C51: Tunnelling | D51: Annulus grouting | E51: CH 8+897 | F51: 46214 | G51: Eng. Hana Saleh | H51: Approved | I51: 46215 | J51: =IF(H51="Pending",TODAY()-B51,IF(I51="","",I51-B51))
A52: CTP-WIR-CIV-0010 | B52: 46214 | C52: Civil | D52: Concrete pouring | E52: CH 1+086 | F52: 46214 | G52: Eng. Sara Nasser | H52: Rejected | I52: 46215 | J52: =IF(H52="Pending",TODAY()-B52,IF(I52="","",I52-B52)) | K52: Re-inspection required
A53: CTP-WIR-CIV-0011 | B53: 46214 | C53: Civil | D53: Formwork inspection | E53: CH 4+773 | F53: 46214 | G53: Eng. Pedro Alves | H53: Rejected | I53: 46215 | J53: =IF(H53="Pending",TODAY()-B53,IF(I53="","",I53-B53)) | K53: Re-inspection required
A54: CTP-WIR-CIV-0012 | B54: 46214 | C54: Civil | D54: Backfilling & compaction | E54: CH 8+584 | F54: 46215 | G54: Eng. Sara Nasser | H54: Approved | I54: 46218 | J54: =IF(H54="Pending",TODAY()-B54,IF(I54="","",I54-B54))
A55: CTP-WIR-GEO-0013 | B55: 46214 | C55: Geotechnical | D55: Rock bolt pull-out test | E55: CH 8+413 | F55: 46215 | G55: Eng. Pedro Alves | H55: Approved | I55: 46217 | J55: =IF(H55="Pending",TODAY()-B55,IF(I55="","",I55-B55))
A56: CTP-WIR-GEO-0014 | B56: 46214 | C56: Geotechnical | D56: Rock bolt pull-out test | E56: CH 5+019 | F56: 46215 | G56: Eng. Hana Saleh | H56: Approved | I56: 46215 | J56: =IF(H56="Pending",TODAY()-B56,IF(I56="","",I56-B56))
A57: CTP-WIR-GEO-0015 | B57: 46214 | C57: Geotechnical | D57: Rock bolt pull-out test | E57: CH 6+339 | F57: 46216 | G57: Eng. Hana Saleh | H57: Approved | I57: 46216 | J57: =IF(H57="Pending",TODAY()-B57,IF(I57="","",I57-B57))
A58: CTP-WIR-SUR-0010 | B58: 46214 | C58: Survey | D58: Tunnel alignment survey | E58: CH 0+649 | F58: 46216 | G58: Eng. Sara Nasser | H58: Approved with Comments | I58: 46217 | J58: =IF(H58="Pending",TODAY()-B58,IF(I58="","",I58-B58)) | K58: Minor comments to close
A59: CTP-WIR-SUR-0011 | B59: 46214 | C59: Survey | D59: Tunnel alignment survey | E59: CH 1+270 | F59: 46214 | G59: Eng. Pedro Alves | H59: Approved | I59: 46215 | J59: =IF(H59="Pending",TODAY()-B59,IF(I59="","",I59-B59))
A60: CTP-WIR-CIV-0013 | B60: 46215 | C60: Civil | D60: Rebar inspection before concrete | E60: CH 9+132 | F60: 46217 | G60: Eng. Hana Saleh | H60: Rejected | I60: 46218 | J60: =IF(H60="Pending",TODAY()-B60,IF(I60="","",I60-B60)) | K60: Re-inspection required
A61: CTP-WIR-CIV-0014 | B61: 46215 | C61: Civil | D61: Formwork inspection | E61: CH 4+051 | F61: 46216 | G61: Eng. Mark Collins | H61: Rejected | I61: 46217 | J61: =IF(H61="Pending",TODAY()-B61,IF(I61="","",I61-B61)) | K61: Re-inspection required
A62: CTP-WIR-CIV-0015 | B62: 46215 | C62: Civil | D62: Backfilling & compaction | E62: CH 3+296 | F62: 46216 | G62: Eng. Hana Saleh | H62: Approved | I62: 46219 | J62: =IF(H62="Pending",TODAY()-B62,IF(I62="","",I62-B62))
A63: CTP-WIR-MEP-0009 | B63: 46215 | C63: MEP | D63: Pump station testing | E63: CH 3+235 | F63: 46217 | G63: Eng. Mark Collins | H63: Rejected | I63: 46218 | J63: =IF(H63="Pending",TODAY()-B63,IF(I63="","",I63-B63)) | K63: Re-inspection required
A64: CTP-WIR-SUR-0012 | B64: 46215 | C64: Survey | D64: Setting-out check | E64: CH 0+857 | F64: 46216 | G64: Eng. Ali Haddad | H64: Approved | I64: 46217 | J64: =IF(H64="Pending",TODAY()-B64,IF(I64="","",I64-B64))
A65: CTP-WIR-SUR-0013 | B65: 46215 | C65: Survey | D65: Tunnel alignment survey | E65: CH 6+167 | F65: 46215 | G65: Eng. Ali Haddad | H65: Approved | I65: 46216 | J65: =IF(H65="Pending",TODAY()-B65,IF(I65="","",I65-B65))
A66: CTP-WIR-TUN-0010 | B66: 46215 | C66: Tunnelling | D66: Segment ring build | E66: CH 4+037 | F66: 46216 | G66: Eng. Ali Haddad | H66: Approved | I66: 46216 | J66: =IF(H66="Pending",TODAY()-B66,IF(I66="","",I66-B66))
A67: CTP-WIR-TUN-0011 | B67: 46215 | C67: Tunnelling | D67: Tunnel invert cleaning | E67: CH 7+108 | F67: 46216 | G67: Eng. Pedro Alves | H67: Approved | I67: 46217 | J67: =IF(H67="Pending",TODAY()-B67,IF(I67="","",I67-B67))
A68: CTP-WIR-CIV-0016 | B68: 46216 | C68: Civil | D68: Formwork inspection | E68: CH 3+365 | F68: 46217 | G68: Eng. Ali Haddad | H68: Approved | I68: 46218 | J68: =IF(H68="Pending",TODAY()-B68,IF(I68="","",I68-B68))
A69: CTP-WIR-CIV-0017 | B69: 46216 | C69: Civil | D69: Formwork inspection | E69: CH 4+514 | F69: 46217 | G69: Eng. Mark Collins | H69: Approved | I69: 46219 | J69: =IF(H69="Pending",TODAY()-B69,IF(I69="","",I69-B69))
A70: CTP-WIR-CIV-0018 | B70: 46216 | C70: Civil | D70: Rebar inspection before concrete | E70: CH 2+409 | F70: 46216 | G70: Eng. Pedro Alves | H70: Approved | I70: 46216 | J70: =IF(H70="Pending",TODAY()-B70,IF(I70="","",I70-B70))
A71: CTP-WIR-GEO-0016 | B71: 46216 | C71: Geotechnical | D71: Rock bolt pull-out test | E71: CH 9+248 | F71: 46218 | G71: Eng. Ali Haddad | H71: Approved with Comments | I71: 46219 | J71: =IF(H71="Pending",TODAY()-B71,IF(I71="","",I71-B71)) | K71: Minor comments to close
A72: CTP-WIR-GEO-0017 | B72: 46216 | C72: Geotechnical | D72: Rock bolt pull-out test | E72: CH 7+003 | F72: 46218 | G72: Eng. Sara Nasser | H72: Approved | I72: 46219 | J72: =IF(H72="Pending",TODAY()-B72,IF(I72="","",I72-B72))
A73: CTP-WIR-MEP-0010 | B73: 46216 | C73: MEP | D73: Lighting installation | E73: CH 2+673 | F73: 46217 | G73: Eng. Sara Nasser | H73: Approved | I73: 46220 | J73: =IF(H73="Pending",TODAY()-B73,IF(I73="","",I73-B73))
A74: CTP-WIR-SUR-0014 | B74: 46216 | C74: Survey | D74: Settlement monitoring | E74: CH 2+044 | F74: 46218 | G74: Eng. Hana Saleh | H74: Approved | I74: 46221 | J74: =IF(H74="Pending",TODAY()-B74,IF(I74="","",I74-B74))
A75: CTP-WIR-SUR-0015 | B75: 46216 | C75: Survey | D75: Tunnel alignment survey | E75: CH 9+854 | F75: 46217 | G75: Eng. Hana Saleh | H75: Rejected | I75: 46220 | J75: =IF(H75="Pending",TODAY()-B75,IF(I75="","",I75-B75)) | K75: Re-inspection required
A76: CTP-WIR-CIV-0019 | B76: 46217 | C76: Civil | D76: Rebar inspection before concrete | E76: CH 1+766 | F76: 46219 | G76: Eng. Hana Saleh | H76: Approved | I76: 46221 | J76: =IF(H76="Pending",TODAY()-B76,IF(I76="","",I76-B76))
A77: CTP-WIR-CIV-0020 | B77: 46217 | C77: Civil | D77: Rebar inspection before concrete | E77: CH 4+828 | F77: 46217 | G77: Eng. Sara Nasser | H77: Approved with Comments | I77: 46219 | J77: =IF(H77="Pending",TODAY()-B77,IF(I77="","",I77-B77)) | K77: Minor comments to close
A78: CTP-WIR-GEO-0018 | B78: 46217 | C78: Geotechnical | D78: Rock bolt pull-out test | E78: CH 2+652 | F78: 46218 | G78: Eng. Ali Haddad | H78: Approved | I78: 46218 | J78: =IF(H78="Pending",TODAY()-B78,IF(I78="","",I78-B78))
A79: CTP-WIR-GEO-0019 | B79: 46217 | C79: Geotechnical | D79: Borehole drilling & logging | E79: CH 0+642 | F79: 46219 | G79: Eng. Hana Saleh | H79: Approved with Comments | I79: 46222 | J79: =IF(H79="Pending",TODAY()-B79,IF(I79="","",I79-B79)) | K79: Minor comments to close
A80: CTP-WIR-MEP-0011 | B80: 46217 | C80: MEP | D80: Lighting installation | E80: CH 7+865 | F80: 46218 | G80: Eng. Ali Haddad | H80: Approved with Comments | I80: 46220 | J80: =IF(H80="Pending",TODAY()-B80,IF(I80="","",I80-B80)) | K80: Minor comments to close
A81: CTP-WIR-MEP-0012 | B81: 46217 | C81: MEP | D81: Ventilation duct alignment | E81: CH 0+631 | F81: 46219 | G81: Eng. Ali Haddad | H81: Rejected | I81: 46220 | J81: =IF(H81="Pending",TODAY()-B81,IF(I81="","",I81-B81)) | K81: Re-inspection required
A82: CTP-WIR-SUR-0016 | B82: 46217 | C82: Survey | D82: Setting-out check | E82: CH 9+581 | F82: 46218 | G82: Eng. Ali Haddad | H82: Approved | I82: 46219 | J82: =IF(H82="Pending",TODAY()-B82,IF(I82="","",I82-B82))
A83: CTP-WIR-CIV-0021 | B83: 46218 | C83: Civil | D83: Formwork inspection | E83: CH 1+915 | F83: 46219 | G83: Eng. Sara Nasser | H83: Approved | I83: 46221 | J83: =IF(H83="Pending",TODAY()-B83,IF(I83="","",I83-B83))
A84: CTP-WIR-CIV-0022 | B84: 46218 | C84: Civil | D84: Rebar inspection before concrete | E84: CH 4+469 | F84: 46218 | G84: Eng. Hana Saleh | H84: Rejected | I84: 46218 | J84: =IF(H84="Pending",TODAY()-B84,IF(I84="","",I84-B84)) | K84: Re-inspection required
A85: CTP-WIR-GEO-0020 | B85: 46218 | C85: Geotechnical | D85: Ground anchor installation | E85: CH 3+691 | F85: 46220 | G85: Eng. Sara Nasser | H85: Approved | I85: 46220 | J85: =IF(H85="Pending",TODAY()-B85,IF(I85="","",I85-B85))
A86: CTP-WIR-TUN-0012 | B86: 46218 | C86: Tunnelling | D86: TBM cutter change | E86: CH 3+938 | F86: 46220 | G86: Eng. Ali Haddad | H86: Rejected | I86: 46222 | J86: =IF(H86="Pending",TODAY()-B86,IF(I86="","",I86-B86)) | K86: Re-inspection required
A87: CTP-WIR-TUN-0013 | B87: 46218 | C87: Tunnelling | D87: Annulus grouting | E87: CH 4+975 | F87: 46218 | G87: Eng. Mark Collins | H87: Approved | I87: 46221 | J87: =IF(H87="Pending",TODAY()-B87,IF(I87="","",I87-B87))
A88: CTP-WIR-TUN-0014 | B88: 46218 | C88: Tunnelling | D88: Tunnel invert cleaning | E88: CH 3+509 | F88: 46219 | G88: Eng. Pedro Alves | H88: Approved with Comments | I88: 46220 | J88: =IF(H88="Pending",TODAY()-B88,IF(I88="","",I88-B88)) | K88: Minor comments to close
A89: CTP-WIR-GEO-0021 | B89: 46219 | C89: Geotechnical | D89: Ground anchor installation | E89: CH 6+352 | F89: 46221 | G89: Eng. Sara Nasser | H89: Approved | I89: 46222 | J89: =IF(H89="Pending",TODAY()-B89,IF(I89="","",I89-B89))
A90: CTP-WIR-MEP-0013 | B90: 46219 | C90: MEP | D90: Cable tray installation | E90: CH 6+399 | F90: 46220 | G90: Eng. Sara Nasser | H90: Approved | I90: 46220 | J90: =IF(H90="Pending",TODAY()-B90,IF(I90="","",I90-B90))
A91: CTP-WIR-MEP-0014 | B91: 46219 | C91: MEP | D91: Cable tray installation | E91: CH 4+104 | F91: 46221 | G91: Eng. Sara Nasser | H91: Approved with Comments | I91: 46221 | J91: =IF(H91="Pending",TODAY()-B91,IF(I91="","",I91-B91)) | K91: Minor comments to close
A92: CTP-WIR-SUR-0017 | B92: 46219 | C92: Survey | D92: As-built survey | E92: CH 6+523 | F92: 46220 | G92: Eng. Mark Collins | H92: Approved | I92: 46221 | J92: =IF(H92="Pending",TODAY()-B92,IF(I92="","",I92-B92))
A93: CTP-WIR-TUN-0015 | B93: 46219 | C93: Tunnelling | D93: TBM cutter change | E93: CH 1+962 | F93: 46220 | G93: Eng. Ali Haddad | H93: Approved with Comments | I93: 46222 | J93: =IF(H93="Pending",TODAY()-B93,IF(I93="","",I93-B93)) | K93: Minor comments to close
A94: CTP-WIR-CIV-0023 | B94: 46221 | C94: Civil | D94: Concrete pouring | E94: CH 5+288 | F94: 46222 | G94: Eng. Sara Nasser | H94: Approved | I94: 46224 | J94: =IF(H94="Pending",TODAY()-B94,IF(I94="","",I94-B94))
A95: CTP-WIR-GEO-0022 | B95: 46221 | C95: Geotechnical | D95: Grout injection | E95: CH 8+562 | F95: 46223 | G95: Eng. Ali Haddad | H95: Approved with Comments | I95: 46225 | J95: =IF(H95="Pending",TODAY()-B95,IF(I95="","",I95-B95)) | K95: Minor comments to close
A96: CTP-WIR-GEO-0023 | B96: 46221 | C96: Geotechnical | D96: Grout injection | E96: CH 7+629 | F96: 46221 | G96: Eng. Sara Nasser | H96: Rejected | I96: 46223 | J96: =IF(H96="Pending",TODAY()-B96,IF(I96="","",I96-B96)) | K96: Re-inspection required
A97: CTP-WIR-SUR-0018 | B97: 46221 | C97: Survey | D97: Tunnel alignment survey | E97: CH 3+249 | F97: 46223 | G97: Eng. Mark Collins | H97: Approved | I97: 46226 | J97: =IF(H97="Pending",TODAY()-B97,IF(I97="","",I97-B97))
A98: CTP-WIR-SUR-0019 | B98: 46221 | C98: Survey | D98: As-built survey | E98: CH 3+377 | F98: 46222 | G98: Eng. Hana Saleh | H98: Approved | I98: 46223 | J98: =IF(H98="Pending",TODAY()-B98,IF(I98="","",I98-B98))
A99: CTP-WIR-TUN-0016 | B99: 46221 | C99: Tunnelling | D99: Tunnel invert cleaning | E99: CH 4+494 | F99: 46222 | G99: Eng. Ali Haddad | H99: Approved | I99: 46223 | J99: =IF(H99="Pending",TODAY()-B99,IF(I99="","",I99-B99))
A100: CTP-WIR-TUN-0017 | B100: 46221 | C100: Tunnelling | D100: Tunnel invert cleaning | E100: CH 3+512 | F100: 46222 | G100: Eng. Hana Saleh | H100: Approved | I100: 46222 | J100: =IF(H100="Pending",TODAY()-B100,IF(I100="","",I100-B100))
A101: CTP-WIR-TUN-0018 | B101: 46222 | C101: Tunnelling | D101: Annulus grouting | E101: CH 3+385 | F101: 46224 | G101: Eng. Sara Nasser | H101: Approved | I101: 46227 | J101: =IF(H101="Pending",TODAY()-B101,IF(I101="","",I101-B101))
...

Sheet Daily Log
A1: Daily WIR Submission Log
A2: Submitted per discipline per working day (Friday off) • Formulas count directly from the WIR Register
A4: Date | B4: Day | C4: Geotechnical | D4: Civil | E4: Tunnelling | F4: MEP | G4: Survey | H4: Total
A5: 46309 | B5: =TEXT(A5,"ddd") | C5: =COUNTIFS('WIR Register'!$B$5:$B$2000,$A5,'WIR Register'!$C$5:$C$2000,"Geotechnical") | D5: =COUNTIFS('WIR Register'!$B$5:$B$2000,$A5,'WIR Register'!$C$5:$C$2000,"Civil") | E5: =COUNTIFS('WIR Register'!$B$5:$B$2000,$A5,'WIR Register'!$C$5:$C$2000,"Tunnelling") | F5: =COUNTIFS('WIR Register'!$B$5:$B$2000,$A5,'WIR Register'!$C$5:$C$2000,"MEP") | G5: =COUNTIFS('WIR Register'!$B$5:$B$2000,$A5,'WIR Register'!$C$5:$C$2000,"Survey") | H5: =SUM(C5:G5)
A6: 46308 | B6: =TEXT(A6,"ddd") | C6: =COUNTIFS('WIR Register'!$B$5:$B$2000,$A6,'WIR Register'!$C$5:$C$2000,"Geotechnical") | D6: =COUNTIFS('WIR Register'!$B$5:$B$2000,$A6,'WIR Register'!$C$5:$C$2000,"Civil") | E6: =COUNTIFS('WIR Register'!$B$5:$B$2000,$A6,'WIR Register'!$C$5:$C$2000,"Tunnelling") | F6: =COUNTIFS('WIR Register'!$B$5:$B$2000,$A6,'WIR Register'!$C$5:$C$2000,"MEP") | G6: =COUNTIFS('WIR Register'!$B$5:$B$2000,$A6,'WIR Register'!$C$5:$C$2000,"Survey") | H6: =SUM(C6:G6)
A7: 46307 | B7: =TEXT(A7,"ddd") | C7: =COUNTIFS('WIR Register'!$B$5:$B$2000,$A7,'WIR Register'!$C$5:$C$2000,"Geotechnical") | D7: =COUNTIFS('WIR Register'!$B$5:$B$2000,$A7,'WIR Register'!$C$5:$C$2000,"Civil") | E7: =COUNTIFS('WIR Register'!$B$5:$B$2000,$A7,'WIR Register'!$C$5:$C$2000,"Tunnelling") | F7: =COUNTIFS('WIR Register'!$B$5:$B$2000,$A7,'WIR Register'!$C$5:$C$2000,"MEP") | G7: =COUNTIFS('WIR Register'!$B$5:$B$2000,$A7,'WIR Register'!$C$5:$C$2000,"Survey") | H7: =SUM(C7:G7)
A8: 46306 | B8: =TEXT(A8,"ddd") | C8: =COUNTIFS('WIR Register'!$B$5:$B$2000,$A8,'WIR Register'!$C$5:$C$2000,"Geotechnical") | D8: =COUNTIFS('WIR Register'!$B$5:$B$2000,$A8,'WIR Register'!$C$5:$C$2000,"Civil") | E8: =COUNTIFS('WIR Register'!$B$5:$B$2000,$A8,'WIR Register'!$C$5:$C$2000,"Tunnelling") | F8: =COUNTIFS('WIR Register'!$B$5:$B$2000,$A8,'WIR Register'!$C$5:$C$2000,"MEP") | G8: =COUNTIFS('WIR Register'!$B$5:$B$2000,$A8,'WIR Register'!$C$5:$C$2000,"Survey") | H8: =SUM(C8:G8)
A9: 46305 | B9: =TEXT(A9,"ddd") | C9: =COUNTIFS('WIR Register'!$B$5:$B$2000,$A9,'WIR Register'!$C$5:$C$2000,"Geotechnical") | D9: =COUNTIFS('WIR Register'!$B$5:$B$2000,$A9,'WIR Register'!$C$5:$C$2000,"Civil") | E9: =COUNTIFS('WIR Register'!$B$5:$B$2000,$A9,'WIR Register'!$C$5:$C$2000,"Tunnelling") | F9: =COUNTIFS('WIR Register'!$B$5:$B$2000,$A9,'WIR Register'!$C$5:$C$2000,"MEP") | G9: =COUNTIFS('WIR Register'!$B$5:$B$2000,$A9,'WIR Register'!$C$5:$C$2000,"Survey") | H9: =SUM(C9:G9)
A10: 46303 | B10: =TEXT(A10,"ddd") | C10: =COUNTIFS('WIR Register'!$B$5:$B$2000,$A10,'WIR Register'!$C$5:$C$2000,"Geotechnical") | D10: =COUNTIFS('WIR Register'!$B$5:$B$2000,$A10,'WIR Register'!$C$5:$C$2000,"Civil") | E10: =COUNTIFS('WIR Register'!$B$5:$B$2000,$A10,'WIR Register'!$C$5:$C$2000,"Tunnelling") | F10: =COUNTIFS('WIR Register'!$B$5:$B$2000,$A10,'WIR Register'!$C$5:$C$2000,"MEP") | G10: =COUNTIFS('WIR Register'!$B$5:$B$2000,$A10,'WIR Register'!$C$5:$C$2000,"Survey") | H10: =SUM(C10:G10)
A11: 46302 | B11: =TEXT(A11,"ddd") | C11: =COUNTIFS('WIR Register'!$B$5:$B$2000,$A11,'WIR Register'!$C$5:$C$2000,"Geotechnical") | D11: =COUNTIFS('WIR Register'!$B$5:$B$2000,$A11,'WIR Register'!$C$5:$C$2000,"Civil") | E11: =COUNTIFS('WIR Register'!$B$5:$B$2000,$A11,'WIR Register'!$C$5:$C$2000,"Tunnelling") | F11: =COUNTIFS('WIR Register'!$B$5:$B$2000,$A11,'WIR Register'!$C$5:$C$2000,"MEP") | G11: =COUNTIFS('WIR Register'!$B$5:$B$2000,$A11,'WIR Register'!$C$5:$C$2000,"Survey") | H11: =SUM(C11:G11)
A12: 46301 | B12: =TEXT(A12,"ddd") | C12: =COUNTIFS('WIR Register'!$B$5:$B$2000,$A12,'WIR Register'!$C$5:$C$2000,"Geotechnical") | D12: =COUNTIFS('WIR Register'!$B$5:$B$2000,$A12,'WIR Register'!$C$5:$C$2000,"Civil") | E12: =COUNTIFS('WIR Register'!$B$5:$B$2000,$A12,'WIR Register'!$C$5:$C$2000,"Tunnelling") | F12: =COUNTIFS('WIR Register'!$B$5:$B$2000,$A12,'WIR Register'!$C$5:$C$2000,"MEP") | G12: =COUNTIFS('WIR Register'!$B$5:$B$2000,$A12,'WIR Register'!$C$5:$C$2000,"Survey") | H12: =SUM(C12:G12)
A13: 46300 | B13: =TEXT(A13,"ddd") | C13: =COUNTIFS('WIR Register'!$B$5:$B$2000,$A13,'WIR Register'!$C$5:$C$2000,"Geotechnical") | D13: =COUNTIFS('WIR Register'!$B$5:$B$2000,$A13,'WIR Register'!$C$5:$C$2000,"Civil") | E13: =COUNTIFS('WIR Register'!$B$5:$B$2000,$A13,'WIR Register'!$C$5:$C$2000,"Tunnelling") | F13: =COUNTIFS('WIR Register'!$B$5:$B$2000,$A13,'WIR Register'!$C$5:$C$2000,"MEP") | G13: =COUNTIFS('WIR Register'!$B$5:$B$2000,$A13,'WIR Register'!$C$5:$C$2000,"Survey") | H13: =SUM(C13:G13)
A14: 46299 | B14: =TEXT(A14,"ddd") | C14: =COUNTIFS('WIR Register'!$B$5:$B$2000,$A14,'WIR Register'!$C$5:$C$2000,"Geotechnical") | D14: =COUNTIFS('WIR Register'!$B$5:$B$2000,$A14,'WIR Register'!$C$5:$C$2000,"Civil") | E14: =COUNTIFS('WIR Register'!$B$5:$B$2000,$A14,'WIR Register'!$C$5:$C$2000,"Tunnelling") | F14: =COUNTIFS('WIR Register'!$B$5:$B$2000,$A14,'WIR Register'!$C$5:$C$2000,"MEP") | G14: =COUNTIFS('WIR Register'!$B$5:$B$2000,$A14,'WIR Register'!$C$5:$C$2000,"Survey") | H14: =SUM(C14:G14)
A15: 46298 | B15: =TEXT(A15,"ddd") | C15: =COUNTIFS('WIR Register'!$B$5:$B$2000,$A15,'WIR Register'!$C$5:$C$2000,"Geotechnical") | D15: =COUNTIFS('WIR Register'!$B$5:$B$2000,$A15,'WIR Register'!$C$5:$C$2000,"Civil") | E15: =COUNTIFS('WIR Register'!$B$5:$B$2000,$A15,'WIR Register'!$C$5:$C$2000,"Tunnelling") | F15: =COUNTIFS('WIR Register'!$B$5:$B$2000,$A15,'WIR Register'!$C$5:$C$2000,"MEP") | G15: =COUNTIFS('WIR Register'!$B$5:$B$2000,$A15,'WIR Register'!$C$5:$C$2000,"Survey") | H15: =SUM(C15:G15)
A16: 46296 | B16: =TEXT(A16,"ddd") | C16: =COUNTIFS('WIR Register'!$B$5:$B$2000,$A16,'WIR Register'!$C$5:$C$2000,"Geotechnical") | D16: =COUNTIFS('WIR Register'!$B$5:$B$2000,$A16,'WIR Register'!$C$5:$C$2000,"Civil") | E16: =COUNTIFS('WIR Register'!$B$5:$B$2000,$A16,'WIR Register'!$C$5:$C$2000,"Tunnelling") | F16: =COUNTIFS('WIR Register'!$B$5:$B$2000,$A16,'WIR Register'!$C$5:$C$2000,"MEP") | G16: =COUNTIFS('WIR Register'!$B$5:$B$2000,$A16,'WIR Register'!$C$5:$C$2000,"Survey") | H16: =SUM(C16:G16)
... A95: 46204 | B95: =TEXT(A95,"ddd") | C95: =COUNTIFS('WIR Register'!$B$5:$B$2000,$A95,'WIR Register'!$C$5:$C$2000,"Geotechnical") | D95: =COUNTIFS('WIR Register'!$B$5:$B$2000,$A95,'WIR Register'!$C$5:$C$2000,"Civil") | E95: =COUNTIFS('WIR Register'!$B$5:$B$2000,$A95,'WIR Register'!$C$5:$C$2000,"Tunnelling") | F95: =COUNTIFS('WIR Register'!$B$5:$B$2000,$A95,'WIR Register'!$C$5:$C$2000,"MEP") | G95: =COUNTIFS('WIR Register'!$B$5:$B$2000,$A95,'WIR Register'!$C$5:$C$2000,"Survey") | H95: =SUM(C95:G95)
